[
  {
    "id": "2c9b1e1d-196c-48c1-8be0-13034c2451b3",
    "data": [
      {
        "text": "Europe",
        "meta": "@Country",
        "alias": "albania",
        "userDefined": false
      }
    ],
    "isTemplate": false,
    "count": 0,
    "lang": "en",
    "updated": 0
  },
  {
    "id": "d2b27124-a96b-45fd-934d-51521d07848a",
    "data": [
      {
        "text": "Albania",
        "meta": "@Country",
        "alias": "albania",
        "userDefined": false
      }
    ],
    "isTemplate": false,
    "count": 0,
    "lang": "en",
    "updated": 0
  },
  {
    "id": "5d871dad-a398-4494-9c2c-35372be61e8b",
    "data": [
      {
        "text": "Go to ",
        "userDefined": false
      },
      {
        "text": "Europe",
        "meta": "@Country",
        "alias": "albania",
        "userDefined": false
      }
    ],
    "isTemplate": false,
    "count": 0,
    "lang": "en",
    "updated": 0
  },
  {
    "id": "5a3a0781-787a-4d72-b776-2c7d34fb2b48",
    "data": [
      {
        "text": "I want go to ",
        "userDefined": false
      },
      {
        "text": "Albania",
        "meta": "@Country",
        "alias": "albania",
        "userDefined": false
      }
    ],
    "isTemplate": false,
    "count": 0,
    "lang": "en",
    "updated": 0
  }
]