[
  {
    "id": "af59695d-d634-4f48-9a1c-9b9189a08dc7",
    "data": [
      {
        "text": "Brazil",
        "meta": "@Country",
        "alias": "brazil",
        "userDefined": false
      }
    ],
    "isTemplate": false,
    "count": 0,
    "lang": "en",
    "updated": 0
  },
  {
    "id": "903e83e1-4fcd-45d3-a5f5-849b95cf0ca6",
    "data": [
      {
        "text": "Brasil",
        "meta": "@Country",
        "alias": "brazil",
        "userDefined": false
      }
    ],
    "isTemplate": false,
    "count": 0,
    "lang": "en",
    "updated": 0
  },
  {
    "id": "64d04d97-6c8b-4548-98cf-fa1f3c251f2d",
    "data": [
      {
        "text": "to ",
        "userDefined": false
      },
      {
        "text": "Brazil",
        "meta": "@Country",
        "alias": "brazil",
        "userDefined": false
      }
    ],
    "isTemplate": false,
    "count": 0,
    "lang": "en",
    "updated": 0
  },
  {
    "id": "55c83d46-5325-454d-85f6-7a21588b1b05",
    "data": [
      {
        "text": "South America",
        "meta": "@Country",
        "alias": "brazil",
        "userDefined": false
      }
    ],
    "isTemplate": false,
    "count": 0,
    "lang": "en",
    "updated": 0
  },
  {
    "id": "2987c582-e007-4131-8276-7753d95f1529",
    "data": [
      {
        "text": "I want go to ",
        "userDefined": false
      },
      {
        "text": "Brazil",
        "meta": "@Country",
        "alias": "brazil",
        "userDefined": false
      }
    ],
    "isTemplate": false,
    "count": 0,
    "lang": "en",
    "updated": 0
  }
]