[
  {
    "id": "0e428362-1b24-4031-ba5c-a53aa2892aef",
    "data": [
      {
        "text": "chose the amount",
        "userDefined": false
      }
    ],
    "isTemplate": false,
    "count": 0,
    "lang": "en",
    "updated": 0
  },
  {
    "id": "560a9221-ccb1-4bfe-883d-ec51d218276e",
    "data": [
      {
        "text": "money that I have",
        "userDefined": false
      }
    ],
    "isTemplate": false,
    "count": 0,
    "lang": "en",
    "updated": 0
  },
  {
    "id": "3cba89af-f716-4d91-b9b7-fc870c34d0cf",
    "data": [
      {
        "text": "tell the money",
        "userDefined": false
      }
    ],
    "isTemplate": false,
    "count": 0,
    "lang": "en",
    "updated": 0
  },
  {
    "id": "69ecb285-301e-4bae-98f8-464dae04fc99",
    "data": [
      {
        "text": "tell the budget",
        "userDefined": false
      }
    ],
    "isTemplate": false,
    "count": 0,
    "lang": "en",
    "updated": 0
  }
]