[
  {
    "id": "d979eb27-b48d-43b1-b834-7841c2d3b3c6",
    "data": [
      {
        "text": "4000",
        "meta": "@sys.number-integer",
        "alias": "amount",
        "userDefined": false
      }
    ],
    "isTemplate": false,
    "count": 0,
    "lang": "en",
    "updated": 0
  },
  {
    "id": "d7a770de-f984-4e4d-a7f3-c02f01765882",
    "data": [
      {
        "text": "3000",
        "meta": "@sys.number-integer",
        "alias": "amount",
        "userDefined": false
      }
    ],
    "isTemplate": false,
    "count": 0,
    "lang": "en",
    "updated": 0
  },
  {
    "id": "9f9d2175-a7f0-4385-aa6e-2704e932583b",
    "data": [
      {
        "text": "2000",
        "meta": "@sys.number-integer",
        "alias": "amount",
        "userDefined": false
      }
    ],
    "isTemplate": false,
    "count": 0,
    "lang": "en",
    "updated": 0
  },
  {
    "id": "bc999870-89e0-45ba-a87e-eacd9546d7d7",
    "data": [
      {
        "text": "1000",
        "meta": "@sys.number-integer",
        "alias": "amount",
        "userDefined": false
      }
    ],
    "isTemplate": false,
    "count": 0,
    "lang": "en",
    "updated": 0
  },
  {
    "id": "5e5135ee-e181-4805-8d47-0c09afc92c29",
    "data": [
      {
        "text": "0",
        "userDefined": false
      }
    ],
    "isTemplate": false,
    "count": 0,
    "lang": "en",
    "updated": 0
  }
]