[
  {
    "id": "11b4932b-dda3-4ee6-980f-b65c6d296012",
    "data": [
      {
        "text": "middle",
        "meta": "@Budget_options",
        "alias": "budget_options",
        "userDefined": false
      },
      {
        "text": " ",
        "userDefined": false
      },
      {
        "text": "option",
        "meta": "@Budget_options",
        "alias": "budget_options",
        "userDefined": false
      }
    ],
    "isTemplate": false,
    "count": 0,
    "lang": "en",
    "updated": 0
  },
  {
    "id": "8c611dae-447e-45c6-84e7-6e77ee3a360d",
    "data": [
      {
        "text": "last option",
        "meta": "@Budget_options",
        "alias": "budget_options",
        "userDefined": false
      }
    ],
    "isTemplate": false,
    "count": 0,
    "lang": "en",
    "updated": 0
  },
  {
    "id": "1de6ec4f-74a7-4478-a755-9bd3f08be785",
    "data": [
      {
        "text": "first",
        "meta": "@Budget_options",
        "alias": "budget_options",
        "userDefined": false
      },
      {
        "text": " ",
        "userDefined": false
      },
      {
        "text": "option",
        "meta": "@Budget_options",
        "alias": "budget_options",
        "userDefined": false
      }
    ],
    "isTemplate": false,
    "count": 0,
    "lang": "en",
    "updated": 0
  },
  {
    "id": "88603bed-0772-4a92-a1cc-8d1cf5e32374",
    "data": [
      {
        "text": "None",
        "meta": "@Budget_options",
        "alias": "budget_options",
        "userDefined": false
      },
      {
        "text": " ",
        "userDefined": false
      },
      {
        "text": "option",
        "meta": "@Budget_options",
        "alias": "budget_options",
        "userDefined": false
      }
    ],
    "isTemplate": false,
    "count": 0,
    "lang": "en",
    "updated": 0
  },
  {
    "id": "ddf54423-bae5-4310-a409-f40883e5f2b1",
    "data": [
      {
        "text": "I want ",
        "userDefined": false
      },
      {
        "text": "option 3",
        "meta": "@Budget_options",
        "alias": "budget_options",
        "userDefined": false
      }
    ],
    "isTemplate": false,
    "count": 0,
    "lang": "en",
    "updated": 0
  },
  {
    "id": "96bd6d1a-f60d-45a1-9377-aafaa4e58b60",
    "data": [
      {
        "text": "I want ",
        "userDefined": false
      },
      {
        "text": "option 2",
        "meta": "@Budget_options",
        "alias": "budget_options",
        "userDefined": false
      }
    ],
    "isTemplate": false,
    "count": 0,
    "lang": "en",
    "updated": 0
  },
  {
    "id": "35f51334-2997-47dc-ab54-31b09e40ada2",
    "data": [
      {
        "text": "I want ",
        "userDefined": false
      },
      {
        "text": "option 1",
        "meta": "@Budget_options",
        "alias": "budget_options",
        "userDefined": false
      }
    ],
    "isTemplate": false,
    "count": 0,
    "lang": "en",
    "updated": 0
  }
]