[
  {
    "id": "00c2043b-31f1-40df-9852-5d893cfd936f",
    "data": [
      {
        "text": "I want go with ",
        "userDefined": false
      },
      {
        "text": "United Airlines",
        "meta": "@Airline_India",
        "alias": "airline_india",
        "userDefined": false
      },
      {
        "text": ", stay in the ",
        "userDefined": false
      },
      {
        "text": "Taj Palace",
        "meta": "@Hotel_India",
        "alias": "hotel_india",
        "userDefined": false
      },
      {
        "text": ", visit ",
        "userDefined": false
      },
      {
        "text": "Taj Mahal",
        "meta": "@Sight_India",
        "alias": "sight_india",
        "userDefined": false
      },
      {
        "text": " and eat ",
        "userDefined": false
      },
      {
        "text": "Breakfast and Dinner",
        "meta": "@Meals",
        "alias": "meals",
        "userDefined": false
      }
    ],
    "isTemplate": false,
    "count": 0,
    "lang": "en",
    "updated": 0
  },
  {
    "id": "e7f44069-10ff-42eb-930a-9b5d2717ef18",
    "data": [
      {
        "text": "Breakfast and Dinner",
        "meta": "@Meals",
        "alias": "meals",
        "userDefined": true
      },
      {
        "text": " for me",
        "userDefined": false
      }
    ],
    "isTemplate": false,
    "count": 0,
    "lang": "en",
    "updated": 0
  },
  {
    "id": "0b7cac58-3106-480a-8560-a28cdc3696ef",
    "data": [
      {
        "text": "I just want ",
        "userDefined": false
      },
      {
        "text": "breakfast",
        "meta": "@Meals",
        "alias": "meals",
        "userDefined": false
      }
    ],
    "isTemplate": false,
    "count": 0,
    "lang": "en",
    "updated": 0
  },
  {
    "id": "7f602673-2641-4f0d-8467-d47328fe5d7c",
    "data": [
      {
        "text": "I want to know ",
        "userDefined": false
      },
      {
        "text": "Taj Mahal",
        "meta": "@Sight_India",
        "alias": "sight_india",
        "userDefined": false
      }
    ],
    "isTemplate": false,
    "count": 0,
    "lang": "en",
    "updated": 0
  },
  {
    "id": "566ea5d0-e0da-4a22-baa1-8d5265991f4b",
    "data": [
      {
        "text": "I want to stay in ",
        "userDefined": false
      },
      {
        "text": "Taj Palace",
        "meta": "@Hotel_India",
        "alias": "hotel_india",
        "userDefined": false
      }
    ],
    "isTemplate": false,
    "count": 0,
    "lang": "en",
    "updated": 0
  },
  {
    "id": "bc65c623-f4fe-4277-9fc6-3a734df00e3e",
    "data": [
      {
        "text": "Direct flight",
        "meta": "@Airline_India",
        "alias": "airline_india",
        "userDefined": false
      }
    ],
    "isTemplate": false,
    "count": 0,
    "lang": "en",
    "updated": 0
  },
  {
    "id": "f52d5e48-c8a5-4532-9b09-90b1b20163f4",
    "data": [
      {
        "text": "I want to go with ",
        "userDefined": false
      },
      {
        "text": "United",
        "meta": "@Airline_India",
        "alias": "airline_india",
        "userDefined": false
      }
    ],
    "isTemplate": false,
    "count": 0,
    "lang": "en",
    "updated": 0
  },
  {
    "id": "00c6be98-5a4b-4053-9606-fbfcf2179276",
    "data": [
      {
        "text": "I want to go with ",
        "userDefined": false
      },
      {
        "text": "Air India",
        "meta": "@Airline_India",
        "alias": "airline_india",
        "userDefined": false
      }
    ],
    "isTemplate": false,
    "count": 0,
    "lang": "en",
    "updated": 0
  }
]