[
  {
    "id": "0b7beec5-6a61-4ae0-83f2-552279f9cf81",
    "data": [
      {
        "text": "would like to change",
        "userDefined": false
      }
    ],
    "isTemplate": false,
    "count": 0,
    "lang": "en",
    "updated": 0
  },
  {
    "id": "86bacac9-2deb-4242-aa16-b953a7afd5f3",
    "data": [
      {
        "text": "modify the ",
        "userDefined": false
      },
      {
        "text": "package",
        "meta": "@Package",
        "alias": "package",
        "userDefined": false
      }
    ],
    "isTemplate": false,
    "count": 0,
    "lang": "en",
    "updated": 0
  },
  {
    "id": "584bc5b9-40a4-4c77-a29e-3d218bb4970a",
    "data": [
      {
        "text": "change the ",
        "userDefined": false
      },
      {
        "text": "package",
        "meta": "@Package",
        "alias": "package",
        "userDefined": false
      }
    ],
    "isTemplate": false,
    "count": 0,
    "lang": "en",
    "updated": 0
  },
  {
    "id": "78720da5-1ba5-44e9-bc28-6835f8bd8db5",
    "data": [
      {
        "text": "Another options",
        "userDefined": false
      }
    ],
    "isTemplate": false,
    "count": 0,
    "lang": "en",
    "updated": 0
  },
  {
    "id": "740ad6e4-f885-4932-b18f-146ea2cead84",
    "data": [
      {
        "text": "I want to go to another place",
        "userDefined": false
      }
    ],
    "isTemplate": false,
    "count": 0,
    "lang": "en",
    "updated": 0
  },
  {
    "id": "7edf8cfb-d10e-476b-96b3-01f15e7420e2",
    "data": [
      {
        "text": "I need to change the country",
        "userDefined": false
      }
    ],
    "isTemplate": false,
    "count": 0,
    "lang": "en",
    "updated": 0
  },
  {
    "id": "55362ec1-8ce3-48ed-adb9-aa2da4f7ade4",
    "data": [
      {
        "text": "I want to change my ",
        "userDefined": false
      },
      {
        "text": "package",
        "meta": "@Package",
        "alias": "package",
        "userDefined": false
      }
    ],
    "isTemplate": false,
    "count": 0,
    "lang": "en",
    "updated": 0
  },
  {
    "id": "c414018a-c9c0-446c-8021-9b548c611966",
    "data": [
      {
        "text": "Change the options",
        "userDefined": false
      }
    ],
    "isTemplate": false,
    "count": 0,
    "lang": "en",
    "updated": 0
  },
  {
    "id": "c87c0977-9c67-4a92-b203-e877059db005",
    "data": [
      {
        "text": "I want to change",
        "userDefined": false
      }
    ],
    "isTemplate": false,
    "count": 0,
    "lang": "en",
    "updated": 0
  }
]