[
  {
    "id": "ea0df827-e357-440f-8295-52bf5a36079d",
    "data": [
      {
        "text": "I want to go with ",
        "userDefined": false
      },
      {
        "text": "Lufthansa",
        "meta": "@Airline_Albania",
        "alias": "airline_albania",
        "userDefined": false
      },
      {
        "text": ", stay in the ",
        "userDefined": false
      },
      {
        "text": "Conference Centre",
        "meta": "@Hotel_Albania",
        "alias": "hotel_albania",
        "userDefined": false
      },
      {
        "text": ", see ",
        "userDefined": false
      },
      {
        "text": "Lake Bovilla",
        "meta": "@Sight_Albania",
        "alias": "sight_albania",
        "userDefined": false
      },
      {
        "text": " and eat ",
        "userDefined": false
      },
      {
        "text": "just breakfast",
        "meta": "@Meals",
        "alias": "meals",
        "userDefined": false
      }
    ],
    "isTemplate": false,
    "count": 0,
    "lang": "en",
    "updated": 0
  },
  {
    "id": "234226d2-c42f-4c37-8e0e-62eb9ce138c1",
    "data": [
      {
        "text": "I just want ",
        "userDefined": false
      },
      {
        "text": "breakfast",
        "meta": "@Meals",
        "alias": "meals",
        "userDefined": false
      }
    ],
    "isTemplate": false,
    "count": 0,
    "lang": "en",
    "updated": 0
  },
  {
    "id": "4dc216d2-f720-4010-8f80-cb6a2fa2a69e",
    "data": [
      {
        "text": "I want go to ",
        "userDefined": false
      },
      {
        "text": "Bovilla",
        "meta": "@Sight_Albania",
        "alias": "sight_albania",
        "userDefined": false
      },
      {
        "text": " tour",
        "userDefined": false
      }
    ],
    "isTemplate": false,
    "count": 0,
    "lang": "en",
    "updated": 0
  },
  {
    "id": "12d634f7-9e6b-42c7-a966-09fde99a951b",
    "data": [
      {
        "text": "I want to know ",
        "userDefined": false
      },
      {
        "text": "Shala River",
        "meta": "@Sight_Albania",
        "alias": "sight_albania",
        "userDefined": false
      }
    ],
    "isTemplate": false,
    "count": 0,
    "lang": "en",
    "updated": 0
  },
  {
    "id": "32040d3b-7c4f-421b-bb95-d3c2b552a533",
    "data": [
      {
        "text": "I wanna go from ",
        "userDefined": false
      },
      {
        "text": "Viena",
        "meta": "@Airline_Albania",
        "alias": "airline_albania",
        "userDefined": false
      }
    ],
    "isTemplate": false,
    "count": 0,
    "lang": "en",
    "updated": 0
  },
  {
    "id": "6ab8bd7b-8410-41c9-b0b3-60c895b93497",
    "data": [
      {
        "text": "I want to stay in the ",
        "userDefined": false
      },
      {
        "text": "Tirana",
        "meta": "@sys.geo-city",
        "alias": "geo-city",
        "userDefined": false
      },
      {
        "text": " ",
        "userDefined": false
      },
      {
        "text": "International",
        "meta": "@Hotel_Albania",
        "alias": "hotel_albania",
        "userDefined": false
      },
      {
        "text": " Hotel",
        "userDefined": false
      }
    ],
    "isTemplate": false,
    "count": 0,
    "lang": "en",
    "updated": 0
  },
  {
    "id": "7086bc2b-5cc5-49b2-b04d-2ec1596911cd",
    "data": [
      {
        "text": "I want to stay in the ",
        "userDefined": false
      },
      {
        "text": "Maritim",
        "meta": "@Hotel_Albania",
        "alias": "hotel_albania",
        "userDefined": true
      }
    ],
    "isTemplate": false,
    "count": 0,
    "lang": "en",
    "updated": 0
  },
  {
    "id": "a788dba2-dd46-4c67-9c7b-8f76243d82e0",
    "data": [
      {
        "text": "I want to go with ",
        "userDefined": false
      },
      {
        "text": "Air Canada",
        "meta": "@Airline_Albania",
        "alias": "airline_albania",
        "userDefined": false
      }
    ],
    "isTemplate": false,
    "count": 0,
    "lang": "en",
    "updated": 0
  },
  {
    "id": "4e6bf971-33e8-44dd-b69d-4678c291454b",
    "data": [
      {
        "text": "I want to go with ",
        "userDefined": false
      },
      {
        "text": "Lufthansa",
        "meta": "@Airline_Albania",
        "alias": "airline_albania",
        "userDefined": false
      }
    ],
    "isTemplate": false,
    "count": 0,
    "lang": "en",
    "updated": 0
  }
]