[
  {
    "id": "0a70d11d-b859-4f12-a1a2-60ea38c0dae6",
    "data": [
      {
        "text": "i just want ",
        "userDefined": false
      },
      {
        "text": "breakfast",
        "meta": "@Meals",
        "alias": "meals",
        "userDefined": true
      }
    ],
    "isTemplate": false,
    "count": 0,
    "lang": "en",
    "updated": 0
  },
  {
    "id": "5b66c80d-9b92-4b5d-8351-1a4664810e32",
    "data": [
      {
        "text": "change the ",
        "userDefined": false
      },
      {
        "text": "food",
        "meta": "@Meals_options",
        "alias": "Meals_options",
        "userDefined": false
      },
      {
        "text": " options",
        "userDefined": false
      }
    ],
    "isTemplate": false,
    "count": 0,
    "lang": "en",
    "updated": 0
  },
  {
    "id": "e4f77946-f76f-4684-80c2-524a566d160a",
    "data": [
      {
        "text": "I want to change the ",
        "userDefined": false
      },
      {
        "text": "meals",
        "meta": "@Meals_options",
        "alias": "Meals_options",
        "userDefined": true
      }
    ],
    "isTemplate": false,
    "count": 0,
    "lang": "en",
    "updated": 0
  }
]