[
  {
    "id": "f99f26c4-f567-4efe-ba66-bbfa5a9428df",
    "data": [
      {
        "text": "I want to go with ",
        "userDefined": false
      },
      {
        "text": "Air Canada",
        "meta": "@Airline_Brazil",
        "alias": "Airline_Brazil",
        "userDefined": true
      },
      {
        "text": ", stay in ",
        "userDefined": false
      },
      {
        "text": "Windsor Barra",
        "meta": "@Hotel_Brazil",
        "alias": "Hotel_brazil",
        "userDefined": true
      },
      {
        "text": ", visit ",
        "userDefined": false
      },
      {
        "text": "Corcovado and Pão de Açúcar",
        "meta": "@Sight_Brazil",
        "alias": "Sight_Brazil",
        "userDefined": true
      },
      {
        "text": " and eat ",
        "userDefined": false
      },
      {
        "text": "Breakfast and Dinner",
        "meta": "@Meals",
        "alias": "meals",
        "userDefined": true
      }
    ],
    "isTemplate": false,
    "count": 0,
    "lang": "en",
    "updated": 0
  },
  {
    "id": "fa933faa-1cf6-4c33-8d62-aa446af3142a",
    "data": [
      {
        "text": "I want go to ",
        "userDefined": false
      },
      {
        "text": "Pão de Açúcar",
        "meta": "@Sight_Brazil",
        "alias": "Sight_Brazil",
        "userDefined": false
      }
    ],
    "isTemplate": false,
    "count": 0,
    "lang": "en",
    "updated": 0
  },
  {
    "id": "11ba4f86-132d-45cb-b114-0269df7d85e7",
    "data": [
      {
        "text": "I want to know ",
        "userDefined": false
      },
      {
        "text": "Corcovado",
        "meta": "@Sight_Brazil",
        "alias": "Sight_Brazil",
        "userDefined": true
      }
    ],
    "isTemplate": false,
    "count": 0,
    "lang": "en",
    "updated": 0
  },
  {
    "id": "4d0810ee-96b9-4fcf-bda6-b89b35ca1f32",
    "data": [
      {
        "text": "Breakfast and Dinner",
        "meta": "@Meals",
        "alias": "meals",
        "userDefined": true
      },
      {
        "text": ", please",
        "userDefined": false
      }
    ],
    "isTemplate": false,
    "count": 0,
    "lang": "en",
    "updated": 0
  },
  {
    "id": "b1ec3c70-44a6-40c8-b6af-e4c6c054f522",
    "data": [
      {
        "text": "just breakfast",
        "meta": "@Meals",
        "alias": "meals",
        "userDefined": false
      },
      {
        "text": " for me",
        "userDefined": false
      }
    ],
    "isTemplate": false,
    "count": 0,
    "lang": "en",
    "updated": 0
  },
  {
    "id": "0cc5f7d8-5639-4018-aa1e-34970c4ccfae",
    "data": [
      {
        "text": "I want to stay in the ",
        "userDefined": false
      },
      {
        "text": "windsor",
        "meta": "@Hotel_Brazil",
        "alias": "Hotel_brazil",
        "userDefined": true
      },
      {
        "text": " ",
        "userDefined": false
      },
      {
        "text": "barra",
        "meta": "@Hotel_Brazil",
        "alias": "Hotel_brazil",
        "userDefined": false
      }
    ],
    "isTemplate": false,
    "count": 0,
    "lang": "en",
    "updated": 0
  },
  {
    "id": "622ea984-8373-4f03-94cf-cb33673cf90e",
    "data": [
      {
        "text": "I want to stay in the ",
        "userDefined": false
      },
      {
        "text": "Copacabana",
        "meta": "@Hotel_Brazil",
        "alias": "Hotel_brazil",
        "userDefined": true
      },
      {
        "text": " ",
        "userDefined": false
      },
      {
        "text": "Palace",
        "meta": "@Hotel_Brazil",
        "alias": "Hotel_brazil",
        "userDefined": false
      }
    ],
    "isTemplate": false,
    "count": 0,
    "lang": "en",
    "updated": 0
  },
  {
    "id": "b52799c0-11df-4f19-aa4d-9c7354e015f5",
    "data": [
      {
        "text": "Latam",
        "meta": "@Airline_Brazil",
        "alias": "Airline_Brazil",
        "userDefined": true
      }
    ],
    "isTemplate": false,
    "count": 0,
    "lang": "en",
    "updated": 0
  },
  {
    "id": "10022d8f-5258-409a-b148-8a2e3ce11f2f",
    "data": [
      {
        "text": "I want go to ",
        "userDefined": false
      },
      {
        "text": "direct flight",
        "meta": "@Airline_Brazil",
        "alias": "Airline_Brazil",
        "userDefined": false
      }
    ],
    "isTemplate": false,
    "count": 0,
    "lang": "en",
    "updated": 0
  },
  {
    "id": "02fa4c3a-2c77-493b-ab17-cc6e24c7a257",
    "data": [
      {
        "text": "I want to go with ",
        "userDefined": false
      },
      {
        "text": "Air Canada",
        "meta": "@Airline_Brazil",
        "alias": "Airline_Brazil",
        "userDefined": false
      }
    ],
    "isTemplate": false,
    "count": 0,
    "lang": "en",
    "updated": 0
  }
]