[
  {
    "id": "96d5c6dd-938a-402d-a772-58e700ffcbe2",
    "data": [
      {
        "text": "I want go with ",
        "userDefined": false
      },
      {
        "text": "Lufthansa",
        "meta": "@Airline_Albania",
        "alias": "airline_albania",
        "userDefined": false
      },
      {
        "text": ", see ",
        "userDefined": false
      },
      {
        "text": "Lake Bovilla",
        "meta": "@Sight_Albania",
        "alias": "sight_albania",
        "userDefined": false
      },
      {
        "text": ", stay in the ",
        "userDefined": false
      },
      {
        "text": "Conference Centre",
        "meta": "@Hotel_Albania",
        "alias": "hotel_albania",
        "userDefined": false
      },
      {
        "text": " and eat ",
        "userDefined": false
      },
      {
        "text": "just breakfast",
        "meta": "@Meals",
        "alias": "meals",
        "userDefined": false
      }
    ],
    "isTemplate": false,
    "count": 0,
    "lang": "en",
    "updated": 0
  },
  {
    "id": "f8bc194f-0bd1-45a5-b297-7e52b5464254",
    "data": [
      {
        "text": "i want ",
        "userDefined": false
      },
      {
        "text": "both",
        "meta": "@Sight_Albania",
        "alias": "sight_albania",
        "userDefined": false
      },
      {
        "text": " sightseeings",
        "userDefined": false
      }
    ],
    "isTemplate": false,
    "count": 0,
    "lang": "en",
    "updated": 0
  },
  {
    "id": "8084a80d-0a27-4c5f-ae8c-f8b90c511bc4",
    "data": [
      {
        "text": "i want ",
        "userDefined": false
      },
      {
        "text": "breakfast and dinner",
        "meta": "@Meals",
        "alias": "meals",
        "userDefined": false
      }
    ],
    "isTemplate": false,
    "count": 0,
    "lang": "en",
    "updated": 0
  },
  {
    "id": "72155247-7b93-4ed7-94ad-58acb866936b",
    "data": [
      {
        "text": "I just want ",
        "userDefined": false
      },
      {
        "text": "breakfast",
        "meta": "@Meals",
        "alias": "meals",
        "userDefined": false
      }
    ],
    "isTemplate": false,
    "count": 0,
    "lang": "en",
    "updated": 0
  },
  {
    "id": "63f412e6-2dbf-4e23-8556-2744f1ebaf1c",
    "data": [
      {
        "text": "I want to go to ",
        "userDefined": false
      },
      {
        "text": "Lake Bovilla",
        "meta": "@Sight_Albania",
        "alias": "sight_albania",
        "userDefined": false
      }
    ],
    "isTemplate": false,
    "count": 0,
    "lang": "en",
    "updated": 0
  },
  {
    "id": "18d92d17-640c-4a42-854e-ded316acf3b3",
    "data": [
      {
        "text": "I want to know the ",
        "userDefined": false
      },
      {
        "text": "Shala River",
        "meta": "@Sight_Albania",
        "alias": "sight_albania",
        "userDefined": false
      }
    ],
    "isTemplate": false,
    "count": 0,
    "lang": "en",
    "updated": 0
  },
  {
    "id": "810f2d1f-9bd5-4a43-8c63-99c22ba94c85",
    "data": [
      {
        "text": "I want to stay in ",
        "userDefined": false
      },
      {
        "text": "5 stars",
        "meta": "@Hotel_Albania",
        "alias": "hotel_albania",
        "userDefined": false
      },
      {
        "text": " hotel",
        "userDefined": false
      }
    ],
    "isTemplate": false,
    "count": 0,
    "lang": "en",
    "updated": 0
  },
  {
    "id": "513fcaba-aca8-45e1-8b98-19ef98f6c678",
    "data": [
      {
        "text": "I want to stay at ",
        "userDefined": false
      },
      {
        "text": "Conference centre",
        "meta": "@Hotel_Albania",
        "alias": "hotel_albania",
        "userDefined": false
      }
    ],
    "isTemplate": false,
    "count": 0,
    "lang": "en",
    "updated": 0
  },
  {
    "id": "30fd7ac5-feed-418c-86ed-97f2b9a6a0ab",
    "data": [
      {
        "text": "I want to stay at ",
        "userDefined": false
      },
      {
        "text": "Maritim",
        "meta": "@Hotel_Albania",
        "alias": "hotel_albania",
        "userDefined": false
      },
      {
        "text": " Hotel",
        "userDefined": false
      }
    ],
    "isTemplate": false,
    "count": 0,
    "lang": "en",
    "updated": 0
  },
  {
    "id": "a3e0567d-f579-4706-befc-637881852846",
    "data": [
      {
        "text": "I want go to ",
        "userDefined": false
      },
      {
        "text": "Albania",
        "meta": "@Country",
        "alias": "country",
        "userDefined": false
      },
      {
        "text": " with ",
        "userDefined": false
      },
      {
        "text": "Air Canada",
        "meta": "@Airline_Albania",
        "alias": "airline_albania",
        "userDefined": false
      },
      {
        "text": " and stay at the ",
        "userDefined": false
      },
      {
        "text": "Plaza",
        "meta": "@Hotel_Albania",
        "alias": "hotel_albania",
        "userDefined": false
      },
      {
        "text": " Hotel",
        "userDefined": false
      }
    ],
    "isTemplate": false,
    "count": 0,
    "lang": "en",
    "updated": 0
  },
  {
    "id": "c45a48a7-d5f2-4e10-a9f4-3d75442376d3",
    "data": [
      {
        "text": "I would like to go to ",
        "userDefined": false
      },
      {
        "text": "Albania",
        "meta": "@Country",
        "alias": "country",
        "userDefined": false
      },
      {
        "text": " with ",
        "userDefined": false
      },
      {
        "text": "Air Canada",
        "meta": "@Airline_Albania",
        "alias": "airline_albania",
        "userDefined": true
      }
    ],
    "isTemplate": false,
    "count": 0,
    "lang": "en",
    "updated": 0
  },
  {
    "id": "f3566b26-5f15-49c2-b821-ca8afd90bf72",
    "data": [
      {
        "text": "I want to go to ",
        "userDefined": false
      },
      {
        "text": "Albania",
        "meta": "@Country",
        "alias": "country",
        "userDefined": false
      },
      {
        "text": " with ",
        "userDefined": false
      },
      {
        "text": "Lufthansa",
        "meta": "@Airline_Albania",
        "alias": "airline_albania",
        "userDefined": false
      }
    ],
    "isTemplate": false,
    "count": 0,
    "lang": "en",
    "updated": 0
  }
]