[
  {
    "id": "9427a32e-d0dc-40d5-8867-bb579859b89e",
    "data": [
      {
        "text": "I want to go with ",
        "userDefined": false
      },
      {
        "text": "Latam",
        "meta": "@Airline_Brazil",
        "alias": "Airline_Brazil",
        "userDefined": false
      },
      {
        "text": ", stay in ",
        "userDefined": false
      },
      {
        "text": "Copacabana",
        "meta": "@Hotel_Brazil",
        "alias": "Hotel_Brazil",
        "userDefined": false
      },
      {
        "text": ", know the ",
        "userDefined": false
      },
      {
        "text": "Corcovado",
        "meta": "@Sight_Brazil",
        "alias": "Sight_Brazil",
        "userDefined": false
      },
      {
        "text": " and eat ",
        "userDefined": false
      },
      {
        "text": "Breakfast",
        "meta": "@Meals",
        "alias": "meals",
        "userDefined": false
      }
    ],
    "isTemplate": false,
    "count": 1,
    "lang": "en",
    "updated": 0
  },
  {
    "id": "ac0de3f1-4184-41ff-a69b-738e8af8bbda",
    "data": [
      {
        "text": "Corcovado",
        "meta": "@Sight_Brazil",
        "alias": "Sight_Brazil",
        "userDefined": false
      },
      {
        "text": " and ",
        "userDefined": false
      },
      {
        "text": "Pão de Açúcar",
        "meta": "@Sight_Brazil",
        "alias": "Sight_Brazil",
        "userDefined": false
      }
    ],
    "isTemplate": false,
    "count": 0,
    "lang": "en",
    "updated": 0
  },
  {
    "id": "8172ef08-a6fe-493f-beb9-970b39b7d361",
    "data": [
      {
        "text": "Breakfast and Dinner",
        "meta": "@Meals",
        "alias": "meals",
        "userDefined": false
      }
    ],
    "isTemplate": false,
    "count": 0,
    "lang": "en",
    "updated": 0
  },
  {
    "id": "7a458501-5b40-4727-8450-094329bfd8dd",
    "data": [
      {
        "text": "None",
        "meta": "@Sight_Brazil",
        "alias": "Sight_Brazil",
        "userDefined": false
      }
    ],
    "isTemplate": false,
    "count": 0,
    "lang": "en",
    "updated": 0
  },
  {
    "id": "00231931-5530-4a21-8932-dadc08931c52",
    "data": [
      {
        "text": "Air Canada",
        "meta": "@Airline_Brazil",
        "alias": "Airline_Brazil",
        "userDefined": true
      }
    ],
    "isTemplate": false,
    "count": 0,
    "lang": "en",
    "updated": 0
  },
  {
    "id": "8ad74975-ac92-40c8-abe7-ef465f19529f",
    "data": [
      {
        "text": "zero",
        "meta": "@Meals",
        "alias": "meals",
        "userDefined": false
      }
    ],
    "isTemplate": false,
    "count": 1,
    "lang": "en",
    "updated": 0
  },
  {
    "id": "3e7591c5-0201-4b85-ace4-2a10a20b2c1e",
    "data": [
      {
        "text": "I ",
        "userDefined": false
      },
      {
        "text": "dont want",
        "meta": "@Sight_Brazil",
        "alias": "Sight_Brazil",
        "userDefined": false
      },
      {
        "text": " any sightseeings",
        "userDefined": false
      }
    ],
    "isTemplate": false,
    "count": 0,
    "lang": "en",
    "updated": 0
  },
  {
    "id": "3b5930ce-c84f-476b-b3f6-d17f512257e0",
    "data": [
      {
        "text": "I ",
        "userDefined": false
      },
      {
        "text": "dont want",
        "meta": "@Meals",
        "alias": "meals",
        "userDefined": false
      },
      {
        "text": " any meal",
        "userDefined": false
      }
    ],
    "isTemplate": false,
    "count": 0,
    "lang": "en",
    "updated": 0
  },
  {
    "id": "5b28f687-d875-4ada-a2b6-0a67074d2495",
    "data": [
      {
        "text": "I rather ",
        "userDefined": false
      },
      {
        "text": "Windsor",
        "meta": "@Hotel_Brazil",
        "alias": "Hotel_Brazil",
        "userDefined": false
      },
      {
        "text": " ",
        "userDefined": false
      },
      {
        "text": "Barra",
        "meta": "@Hotel_Brazil",
        "alias": "Hotel_Brazil",
        "userDefined": true
      }
    ],
    "isTemplate": false,
    "count": 0,
    "lang": "en",
    "updated": 0
  },
  {
    "id": "030a44f8-3d70-4636-83df-32e5390534a5",
    "data": [
      {
        "text": "I prefer ",
        "userDefined": false
      },
      {
        "text": "Latam",
        "meta": "@Airline_Brazil",
        "alias": "Airline_Brazil",
        "userDefined": false
      }
    ],
    "isTemplate": false,
    "count": 0,
    "lang": "en",
    "updated": 0
  },
  {
    "id": "c5ac9c2c-fe38-4bb2-bf50-d65ee2cfba0a",
    "data": [
      {
        "text": "Pão de Açúcar",
        "meta": "@Sight_Brazil",
        "alias": "Sight_Brazil",
        "userDefined": false
      }
    ],
    "isTemplate": false,
    "count": 0,
    "lang": "en",
    "updated": 0
  },
  {
    "id": "73fa8337-6e0b-4ec6-a9c7-cb05b0309694",
    "data": [
      {
        "text": "Both",
        "meta": "@Meals",
        "alias": "meals",
        "userDefined": false
      },
      {
        "text": " meals",
        "userDefined": false
      }
    ],
    "isTemplate": false,
    "count": 0,
    "lang": "en",
    "updated": 0
  },
  {
    "id": "c85a97b4-504c-4a3a-818a-2995f5334433",
    "data": [
      {
        "text": "Corcovado",
        "meta": "@Sight_Brazil",
        "alias": "Sight_Brazil",
        "userDefined": false
      }
    ],
    "isTemplate": false,
    "count": 0,
    "lang": "en",
    "updated": 0
  },
  {
    "id": "bb99fd8b-2383-45f2-9ea9-1771b32ebfec",
    "data": [
      {
        "text": "I want to see the ",
        "userDefined": false
      },
      {
        "text": "corcovado",
        "meta": "@Sight_Brazil",
        "alias": "Sight_Brazil",
        "userDefined": false
      },
      {
        "text": " and ",
        "userDefined": false
      },
      {
        "text": "Pao de acucar",
        "meta": "@Sight_Brazil",
        "alias": "Sight_Brazil",
        "userDefined": false
      }
    ],
    "isTemplate": false,
    "count": 0,
    "lang": "en",
    "updated": 0
  },
  {
    "id": "f548a04f-dc0d-4e80-9b66-c31b292e19ee",
    "data": [
      {
        "text": "I want to eat the ",
        "userDefined": false
      },
      {
        "text": "breakfast",
        "meta": "@Meals",
        "alias": "meals",
        "userDefined": false
      }
    ],
    "isTemplate": false,
    "count": 0,
    "lang": "en",
    "updated": 0
  },
  {
    "id": "5cc0406e-3034-462a-84c1-6d98519d46dc",
    "data": [
      {
        "text": "I want to go with ",
        "userDefined": false
      },
      {
        "text": "Air Canada",
        "meta": "@Airline_Brazil",
        "alias": "Airline_Brazil",
        "userDefined": false
      },
      {
        "text": " and stay in the ",
        "userDefined": false
      },
      {
        "text": "Copacabana",
        "meta": "@Hotel_Brazil",
        "alias": "Hotel_Brazil",
        "userDefined": false
      },
      {
        "text": " ",
        "userDefined": false
      },
      {
        "text": "Palace",
        "meta": "@Hotel_Brazil",
        "alias": "Hotel_Brazil",
        "userDefined": false
      }
    ],
    "isTemplate": false,
    "count": 0,
    "lang": "en",
    "updated": 0
  }
]