[
  {
    "id": "2bf91a52-aa2c-4637-b4aa-d229b77793e1",
    "data": [
      {
        "text": "I want go with ",
        "userDefined": false
      },
      {
        "text": "Air India",
        "meta": "@Airline_India",
        "alias": "airline_india",
        "userDefined": false
      },
      {
        "text": ", stay in ",
        "userDefined": false
      },
      {
        "text": "Taj Palace",
        "meta": "@Hotel_India",
        "alias": "hotel_india",
        "userDefined": false
      },
      {
        "text": ", visit ",
        "userDefined": false
      },
      {
        "text": "Gandhi",
        "meta": "@Sight_India",
        "alias": "sight_india",
        "userDefined": false
      },
      {
        "text": " and eat ",
        "userDefined": false
      },
      {
        "text": "breakfast",
        "meta": "@Meals",
        "alias": "meals",
        "userDefined": false
      }
    ],
    "isTemplate": false,
    "count": 0,
    "lang": "en",
    "updated": 0
  },
  {
    "id": "ef0c79ba-e859-449b-9646-57fc15bd1b56",
    "data": [
      {
        "text": "I want a ",
        "userDefined": false
      },
      {
        "text": "direct flight",
        "meta": "@Airline_India",
        "alias": "airline_india",
        "userDefined": false
      }
    ],
    "isTemplate": false,
    "count": 0,
    "lang": "en",
    "updated": 0
  },
  {
    "id": "fab3eea3-b923-431d-b3a1-c881b4cf44af",
    "data": [
      {
        "text": "I want ",
        "userDefined": false
      },
      {
        "text": "breakfast and dinner",
        "meta": "@Meals",
        "alias": "meals",
        "userDefined": false
      }
    ],
    "isTemplate": false,
    "count": 0,
    "lang": "en",
    "updated": 0
  },
  {
    "id": "8bde7f75-66e4-4bb9-bc8f-b7cf4bcc2171",
    "data": [
      {
        "text": "I want ",
        "userDefined": false
      },
      {
        "text": "just breakfast",
        "meta": "@Meals",
        "alias": "meals",
        "userDefined": false
      }
    ],
    "isTemplate": false,
    "count": 0,
    "lang": "en",
    "updated": 0
  },
  {
    "id": "25c527e1-a7a7-4d20-8df0-2fdb7e1c1c53",
    "data": [
      {
        "text": "I want to know the ",
        "userDefined": false
      },
      {
        "text": "Gandhi",
        "meta": "@Sight_India",
        "alias": "sight_india",
        "userDefined": false
      },
      {
        "text": " ",
        "userDefined": false
      },
      {
        "text": "museum",
        "meta": "@Sight_India",
        "alias": "sight_india",
        "userDefined": false
      }
    ],
    "isTemplate": false,
    "count": 0,
    "lang": "en",
    "updated": 0
  },
  {
    "id": "491a3928-873c-403f-ad36-eaf7e4b265fd",
    "data": [
      {
        "text": "I wanna know ",
        "userDefined": false
      },
      {
        "text": "Taj Mahal",
        "meta": "@Sight_India",
        "alias": "sight_india",
        "userDefined": false
      }
    ],
    "isTemplate": false,
    "count": 0,
    "lang": "en",
    "updated": 0
  },
  {
    "id": "8b944553-6163-4c8c-907b-bf89a1a578bd",
    "data": [
      {
        "text": "i want go to ",
        "userDefined": false
      },
      {
        "text": "India",
        "meta": "@Airline_India",
        "alias": "airline_india",
        "userDefined": false
      },
      {
        "text": " and stay in the ",
        "userDefined": false
      },
      {
        "text": "Novotel",
        "meta": "@Hotel_India",
        "alias": "hotel_india",
        "userDefined": false
      }
    ],
    "isTemplate": false,
    "count": 0,
    "lang": "en",
    "updated": 0
  },
  {
    "id": "9863f554-2c83-4e9c-8ca8-f5ad54fbfc35",
    "data": [
      {
        "text": "I wanna be in ",
        "userDefined": false
      },
      {
        "text": "Taj Palace",
        "meta": "@Hotel_India",
        "alias": "hotel_india",
        "userDefined": false
      }
    ],
    "isTemplate": false,
    "count": 0,
    "lang": "en",
    "updated": 0
  },
  {
    "id": "e386570d-f504-403b-97d7-b5d958331563",
    "data": [
      {
        "text": "wanna ",
        "userDefined": false
      },
      {
        "text": "travel",
        "meta": "@Package",
        "alias": "package",
        "userDefined": false
      },
      {
        "text": " with ",
        "userDefined": false
      },
      {
        "text": "United Airlines",
        "meta": "@Airline_India",
        "alias": "airline_india",
        "userDefined": false
      }
    ],
    "isTemplate": false,
    "count": 0,
    "lang": "en",
    "updated": 0
  },
  {
    "id": "8fbb4a36-cc0b-4695-9aa8-3c688fe432b2",
    "data": [
      {
        "text": "I want to go with ",
        "userDefined": false
      },
      {
        "text": "Air India",
        "meta": "@Airline_India",
        "alias": "airline_india",
        "userDefined": false
      }
    ],
    "isTemplate": false,
    "count": 0,
    "lang": "en",
    "updated": 0
  }
]