[
  {
    "id": "0dbae413-18a0-4476-82dc-8b1dccb00222",
    "data": [
      {
        "text": "I want to personalize my ",
        "userDefined": false
      },
      {
        "text": "package",
        "meta": "@Package",
        "alias": "package",
        "userDefined": false
      },
      {
        "text": " to ",
        "userDefined": false
      },
      {
        "text": "India",
        "meta": "@Country",
        "alias": "india",
        "userDefined": true
      }
    ],
    "isTemplate": false,
    "count": 0,
    "lang": "en",
    "updated": 0
  },
  {
    "id": "c0e1c6fb-2746-49d7-a267-fb0d5dd0e9c0",
    "data": [
      {
        "text": "I want to personalize my ",
        "userDefined": false
      },
      {
        "text": "package",
        "meta": "@Package",
        "alias": "package",
        "userDefined": false
      },
      {
        "text": " to ",
        "userDefined": false
      },
      {
        "text": "Brazil",
        "meta": "@Country",
        "alias": "brazil",
        "userDefined": false
      }
    ],
    "isTemplate": false,
    "count": 0,
    "lang": "en",
    "updated": 0
  },
  {
    "id": "633d46db-7782-4008-92b1-7dd33455d2dd",
    "data": [
      {
        "text": "I want to personalize my ",
        "userDefined": false
      },
      {
        "text": "package",
        "meta": "@Package",
        "alias": "package",
        "userDefined": false
      },
      {
        "text": " to ",
        "userDefined": false
      },
      {
        "text": "Albania",
        "meta": "@Country",
        "alias": "albania",
        "userDefined": true
      }
    ],
    "isTemplate": false,
    "count": 0,
    "lang": "en",
    "updated": 0
  },
  {
    "id": "bac58c6a-a78a-4ab7-b36b-7532a827cded",
    "data": [
      {
        "text": "customize",
        "userDefined": false
      }
    ],
    "isTemplate": false,
    "count": 0,
    "lang": "en",
    "updated": 0
  },
  {
    "id": "c3ec9f8d-ceb6-49fc-ab28-59f0def82b78",
    "data": [
      {
        "text": "personalize",
        "userDefined": false
      }
    ],
    "isTemplate": false,
    "count": 0,
    "lang": "en",
    "updated": 0
  },
  {
    "id": "a3919c7f-0017-4b4c-a2fe-4a7c8e37b3b1",
    "data": [
      {
        "text": "change the options of my ",
        "userDefined": false
      },
      {
        "text": "package",
        "meta": "@Package",
        "alias": "package",
        "userDefined": false
      }
    ],
    "isTemplate": false,
    "count": 0,
    "lang": "en",
    "updated": 0
  },
  {
    "id": "842f1283-a206-4f00-bbc9-f875d189e087",
    "data": [
      {
        "text": "I want to customize",
        "userDefined": false
      }
    ],
    "isTemplate": false,
    "count": 0,
    "lang": "en",
    "updated": 0
  },
  {
    "id": "42b353b7-ac17-4862-b49f-86f82f090481",
    "data": [
      {
        "text": "I want to personalize my ",
        "userDefined": false
      },
      {
        "text": "package",
        "meta": "@Package",
        "alias": "package",
        "userDefined": false
      }
    ],
    "isTemplate": false,
    "count": 0,
    "lang": "en",
    "updated": 0
  }
]