[
  {
    "id": "68c6d2ec-a224-4e71-84ae-bd318f1208cf",
    "data": [
      {
        "text": "India",
        "meta": "@Country",
        "alias": "india",
        "userDefined": false
      }
    ],
    "isTemplate": false,
    "count": 0,
    "lang": "en",
    "updated": 0
  },
  {
    "id": "b978970a-1e44-4a39-9262-0fb9e827162c",
    "data": [
      {
        "text": "Go to ",
        "userDefined": false
      },
      {
        "text": "India",
        "meta": "@Country",
        "alias": "india",
        "userDefined": false
      }
    ],
    "isTemplate": false,
    "count": 0,
    "lang": "en",
    "updated": 0
  },
  {
    "id": "f2ecc8de-3559-4848-9eaf-eb9657a6ae59",
    "data": [
      {
        "text": "South ",
        "userDefined": false
      },
      {
        "text": "Asia",
        "meta": "@Country",
        "alias": "india",
        "userDefined": false
      }
    ],
    "isTemplate": false,
    "count": 0,
    "lang": "en",
    "updated": 0
  },
  {
    "id": "b35a34ee-11ac-451f-b57a-d5b773a80778",
    "data": [
      {
        "text": "I want go to ",
        "userDefined": false
      },
      {
        "text": "India",
        "meta": "@Country",
        "alias": "india",
        "userDefined": false
      }
    ],
    "isTemplate": false,
    "count": 0,
    "lang": "en",
    "updated": 0
  },
  {
    "id": "e161c46e-1da7-4baf-9f24-616118a9df56",
    "data": [
      {
        "text": "Asia",
        "meta": "@Country",
        "alias": "india",
        "userDefined": false
      }
    ],
    "isTemplate": false,
    "count": 1,
    "lang": "en",
    "updated": 0
  }
]