[
  {
    "id": "7c56a618-9584-4133-94c6-1d0bc1b80a65",
    "data": [
      {
        "text": "all package",
        "userDefined": false
      }
    ],
    "isTemplate": false,
    "count": 0,
    "lang": "en",
    "updated": 0
  },
  {
    "id": "6fa99425-9e8d-435d-95d5-3c486aacbdf5",
    "data": [
      {
        "text": "both",
        "meta": "@Meals",
        "alias": "meals",
        "userDefined": false
      },
      {
        "text": " meals",
        "userDefined": false
      }
    ],
    "isTemplate": false,
    "count": 0,
    "lang": "en",
    "updated": 0
  },
  {
    "id": "f1765f70-5f2a-4b06-817a-08f209757997",
    "data": [
      {
        "text": "any",
        "meta": "@Meals",
        "alias": "meals",
        "userDefined": false
      },
      {
        "text": " ",
        "userDefined": false
      },
      {
        "text": "meal",
        "meta": "@Meals_options",
        "alias": "meals_options",
        "userDefined": false
      }
    ],
    "isTemplate": false,
    "count": 0,
    "lang": "en",
    "updated": 0
  },
  {
    "id": "a34ae7f2-1d21-4854-8e31-2f6d1fbd17e2",
    "data": [
      {
        "text": "both",
        "meta": "@Meals",
        "alias": "meals",
        "userDefined": false
      }
    ],
    "isTemplate": false,
    "count": 0,
    "lang": "en",
    "updated": 0
  },
  {
    "id": "5c8802be-9403-461e-a75e-8969176f6d22",
    "data": [
      {
        "text": "breakfast and dinner",
        "meta": "@Meals",
        "alias": "meals",
        "userDefined": false
      }
    ],
    "isTemplate": false,
    "count": 0,
    "lang": "en",
    "updated": 0
  },
  {
    "id": "93ba8107-9ccf-4c0c-81ed-fad2245ac128",
    "data": [
      {
        "text": "i ",
        "userDefined": false
      },
      {
        "text": "dont want",
        "meta": "@Meals",
        "alias": "meals",
        "userDefined": false
      },
      {
        "text": " ",
        "userDefined": false
      },
      {
        "text": "any",
        "meta": "@Meals",
        "alias": "meals",
        "userDefined": false
      },
      {
        "text": " ",
        "userDefined": false
      },
      {
        "text": "meal",
        "meta": "@Meals_options",
        "alias": "meals_options",
        "userDefined": false
      }
    ],
    "isTemplate": false,
    "count": 0,
    "lang": "en",
    "updated": 0
  },
  {
    "id": "2b85b5c7-e6e9-434c-bfd7-87710c39d6f3",
    "data": [
      {
        "text": "i want ",
        "userDefined": false
      },
      {
        "text": "breakfast and dinner",
        "meta": "@Meals",
        "alias": "meals",
        "userDefined": false
      }
    ],
    "isTemplate": false,
    "count": 0,
    "lang": "en",
    "updated": 0
  },
  {
    "id": "278f52a0-c67d-4146-b624-0a6b95b43e50",
    "data": [
      {
        "text": "I just want ",
        "userDefined": false
      },
      {
        "text": "breakfast",
        "meta": "@Meals",
        "alias": "meals",
        "userDefined": false
      }
    ],
    "isTemplate": false,
    "count": 0,
    "lang": "en",
    "updated": 0
  }
]