[
  {
    "value": "Option 1",
    "synonyms": [
      "Option 1",
      "1",
      "one",
      "first",
      "this one",
      "yes",
      "this option"
    ]
  },
  {
    "value": "Option 2",
    "synonyms": [
      "Option 2",
      "2",
      "two",
      "second",
      "second one",
      "middle"
    ]
  },
  {
    "value": "Option 3",
    "synonyms": [
      "Option 3",
      "third",
      "3",
      "three",
      "last",
      "last option"
    ]
  },
  {
    "value": "None",
    "synonyms": [
      "None",
      "any",
      "dont want",
      "don\u0027t want",
      "dont like",
      "don\u0027t like",
      "other option"
    ]
  }
]