[
  {
    "value": "Breakfast",
    "synonyms": [
      "Breakfast",
      "first food",
      "last food",
      "one",
      "1",
      "just breakfast"
    ]
  },
  {
    "value": "Breakfast and Dinner",
    "synonyms": [
      "Breakfast and Dinner",
      "both",
      "complete",
      "all meals",
      "two",
      "2"
    ]
  },
  {
    "value": "None",
    "synonyms": [
      "None",
      "any",
      "no meal",
      "0",
      "anyone",
      "dont want",
      "don\u0027t want"
    ]
  },
  {
    "value": "Dinner",
    "synonyms": [
      "Dinner",
      "just dinner"
    ]
  }
]