[
  {
    "value": "Taj Mahal",
    "synonyms": [
      "Taj Mahal",
      "Taj",
      "Mahal",
      "famous",
      "architecture",
      "unesco",
      "world heritage",
      "heritage"
    ]
  },
  {
    "value": "Gandhi Smrit",
    "synonyms": [
      "Gandhi Smrit",
      "Gandhi",
      "Gandi",
      "Smrit",
      "museum",
      "Mahatma"
    ]
  },
  {
    "value": "Both",
    "synonyms": [
      "Both",
      "complete",
      "Taj and Gandhi",
      "Taj Mahal and Gandhi Smrit",
      "Taj Mahal n Gandhi Smrit",
      "Taj n Gandhi",
      "Mahal and Gandhi",
      "Taj and museum",
      "Taj Mahal and museum",
      "all",
      "two",
      "2"
    ]
  },
  {
    "value": "One",
    "synonyms": [
      "One",
      "just one",
      "1"
    ]
  },
  {
    "value": "None",
    "synonyms": [
      "None",
      "0",
      "any",
      "nothing",
      "zero"
    ]
  }
]