[
  {
    "value": "Shala River",
    "synonyms": [
      "Shala River",
      "Shala",
      "River",
      "Albanian Alps",
      "Alps",
      "northern"
    ]
  },
  {
    "value": "Lake Bovilla",
    "synonyms": [
      "Lake Bovilla",
      "Lake",
      "Bovilla",
      "Bovila",
      "northeastern",
      "climb",
      "mountain",
      "adventurous"
    ]
  },
  {
    "value": "Both",
    "synonyms": [
      "Both",
      "two",
      "complete",
      "all",
      "Shala and Bovilla",
      "River and Lake",
      "Shala River and Lake Bovilla",
      "2",
      "either"
    ]
  },
  {
    "value": "One",
    "synonyms": [
      "One",
      "just one",
      "1"
    ]
  },
  {
    "value": "None",
    "synonyms": [
      "None",
      "no one",
      "dont want",
      "don\u0027t",
      "any",
      "0"
    ]
  }
]