[
  {
    "value": "Corcovado",
    "synonyms": [
      "Corcovado",
      "Jesus",
      "Christ",
      "Statue"
    ]
  },
  {
    "value": "Pão de Açúcar",
    "synonyms": [
      "Pão de Açúcar",
      "Bondinho",
      "Sugar loaf",
      "Pao de acucar",
      "Pao acucar",
      "Montain"
    ]
  },
  {
    "value": "Both",
    "synonyms": [
      "Both",
      "2",
      "two",
      "complete",
      "all them",
      "all",
      "Corcovado and Pão de Açúcar",
      "Pão de Açúcar and Corcovado",
      "Corcovado and Pao de acucar"
    ]
  },
  {
    "value": "None",
    "synonyms": [
      "None",
      "any",
      "0",
      "zero",
      "dont want",
      "don\u0027t want",
      "anyone"
    ]
  },
  {
    "value": "One",
    "synonyms": [
      "One",
      "1",
      "just one"
    ]
  }
]